allEarningsAmountInWei,endTimestamp,startTimestamp,entityId,entityType,entitySymbol
7542117340962117000000000,2024-08-12T20:20:00Z,2024-07-29T00:03:00Z,FARCASTER,NETWORK,id:farcaster
6552957975247238000000,2024-08-12T20:20:00Z,2024-07-29T00:30:00Z,proxyswap,CHANNEL,cid:proxyswap
61388296224115260000000,2024-08-12T20:20:00Z,2024-07-29T00:10:00Z,success,CHANNEL,cid:success
371846791041944660000000,2024-08-12T20:20:00Z,2024-07-29T00:10:00Z,replyguys,CHANNEL,cid:replyguys
10696378721585718000000,2024-08-12T19:40:00Z,2024-07-29T10:10:00Z,event-pass,CHANNEL,cid:event-pass
66743811762491330000000,2024-08-12T20:00:00Z,2024-07-29T00:30:00Z,rainbow,CHANNEL,cid:rainbow
10170993191276010000000,2024-08-12T20:20:00Z,2024-07-29T00:10:00Z,dogs,CHANNEL,cid:dogs
7902861364506779000000,2024-08-12T20:20:00Z,2024-07-29T00:20:00Z,onchain-blocks,CHANNEL,cid:onchain-blocks
50645677904982700000000,2024-08-12T20:20:00Z,2024-07-29T00:10:00Z,new-york,CHANNEL,cid:new-york
9230805331094523000000,2024-08-12T20:20:00Z,2024-07-29T00:20:00Z,frontend,CHANNEL,cid:frontend
20807312063867090000000,2024-08-12T20:20:00Z,2024-07-29T00:10:00Z,chatbfg,CHANNEL,cid:chatbfg
13204892347608445000000,2024-08-12T20:20:00Z,2024-07-29T00:20:00Z,zk,CHANNEL,cid:zk
11851967510196181000000,2024-08-12T20:20:00Z,2024-07-29T00:10:00Z,gaming,CHANNEL,cid:gaming
190457276667302020000000,2024-08-12T20:20:00Z,2024-07-29T00:10:00Z,founders,CHANNEL,cid:founders
10309562139463560000000,2024-08-12T20:20:00Z,2024-07-29T00:10:00Z,wearesoearly,CHANNEL,cid:wearesoearly
463993167202055000000000,2024-08-12T20:20:00Z,2024-07-29T00:03:00Z,airstack,CHANNEL,cid:airstack
50712500591522600000000,2024-08-12T20:20:00Z,2024-07-29T00:10:00Z,higher,CHANNEL,cid:higher
7873086951391972000000,2024-08-12T20:20:00Z,2024-07-29T00:10:00Z,appreciation,CHANNEL,cid:appreciation
294646838729460670000000,2024-08-12T20:20:00Z,2024-07-29T00:10:00Z,base,CHANNEL,cid:base
153316400027082600000000,2024-08-12T20:20:00Z,2024-07-29T00:03:00Z,lp,CHANNEL,cid:lp
18399660832761663000000,2024-08-12T20:20:00Z,2024-07-29T00:10:00Z,travel,CHANNEL,cid:travel
188266528938300600000000,2024-08-12T20:20:00Z,2024-07-29T00:10:00Z,warpcast,CHANNEL,cid:warpcast
424343487884952900000,2024-08-12T20:20:00Z,2024-07-29T00:10:00Z,layer3,CHANNEL,cid:layer3
413545428687836000000,2024-08-12T05:30:00Z,2024-07-29T00:40:00Z,roam,CHANNEL,cid:roam
34304141329901365000000,2024-08-12T20:20:00Z,2024-07-29T00:10:00Z,frames,CHANNEL,cid:frames
3243836551704429000000,2024-08-12T17:10:00Z,2024-07-29T01:10:00Z,farhack,CHANNEL,cid:farhack
9018667779796964000000,2024-08-12T19:40:00Z,2024-07-29T00:40:00Z,quilibrium,CHANNEL,cid:quilibrium
405466857096204000000,2024-08-12T19:10:00Z,2024-07-29T01:40:00Z,poster,CHANNEL,cid:poster
12721239453589083000000,2024-08-12T20:20:00Z,2024-07-29T00:10:00Z,farcards,CHANNEL,cid:farcards
2180325288314222000000,2024-08-12T20:10:00Z,2024-07-29T05:50:00Z,degengame,CHANNEL,cid:degengame
90600218528411880000000,2024-08-12T20:20:00Z,2024-07-29T00:10:00Z,food,CHANNEL,cid:food
6153427138361366000000,2024-08-12T20:20:00Z,2024-07-29T00:10:00Z,skininthegame,CHANNEL,cid:skininthegame
8010129441816672000000,2024-08-12T19:50:00Z,2024-07-29T02:50:00Z,frames-devs,CHANNEL,cid:frames-devs
14143872141108802000000,2024-08-12T20:20:00Z,2024-07-29T00:10:00Z,degen-art,CHANNEL,cid:degen-art
35228580645667443000000,2024-08-12T20:20:00Z,2024-07-29T00:10:00Z,art,CHANNEL,cid:art
1872832381125215000000,2024-08-12T20:20:00Z,2024-07-29T01:50:00Z,op-stack,CHANNEL,cid:op-stack
133651819130091000000,2024-08-12T19:50:00Z,2024-07-29T00:20:00Z,f1,CHANNEL,cid:f1
5669691502785299000000,2024-08-12T20:20:00Z,2024-07-29T00:10:00Z,farcasther,CHANNEL,cid:farcasther
52894496627527936000000,2024-08-12T20:20:00Z,2024-07-29T00:10:00Z,ethereum,CHANNEL,cid:ethereum
327463404932455400000000,2024-08-12T20:20:00Z,2024-07-29T00:10:00Z,memes,CHANNEL,cid:memes
233270860812000000,2024-08-08T04:30:00Z,2024-08-01T08:10:00Z,niche-internet,CHANNEL,cid:niche-internet
5581317907605472000000,2024-08-12T20:20:00Z,2024-07-29T01:10:00Z,evm,CHANNEL,cid:evm
114606806368595790000000,2024-08-12T20:20:00Z,2024-07-29T00:03:00Z,degen,CHANNEL,cid:degen
24511227820405256000000,2024-08-12T20:20:00Z,2024-07-29T00:20:00Z,tabletop,CHANNEL,cid:tabletop
104211283334236010000,2024-08-12T14:00:00Z,2024-07-29T00:30:00Z,rewarded,CHANNEL,cid:rewarded
472931140649155000000,2024-08-12T20:20:00Z,2024-07-29T00:40:00Z,onchain,CHANNEL,cid:onchain
37193410913890344000000,2024-08-12T20:20:00Z,2024-07-29T00:10:00Z,product,CHANNEL,cid:product
42442150932119880000000,2024-08-12T20:20:00Z,2024-07-29T00:10:00Z,screens,CHANNEL,cid:screens
3409854179901096000000,2024-08-12T20:20:00Z,2024-07-29T00:10:00Z,photographers,CHANNEL,cid:photographers
12519942726066828000000,2024-08-12T20:20:00Z,2024-07-29T00:20:00Z,replyors,CHANNEL,cid:replyors
36269565636211460000000,2024-08-12T20:20:00Z,2024-07-29T00:10:00Z,fitness,CHANNEL,cid:fitness
22774034997064640000000,2024-08-12T20:20:00Z,2024-07-29T00:10:00Z,cryptoart,CHANNEL,cid:cryptoart
126665447374177230000000,2024-08-12T20:20:00Z,2024-07-29T00:10:00Z,nouns,CHANNEL,cid:nouns
12947069827815695000000,2024-08-12T20:20:00Z,2024-07-29T00:40:00Z,sharks,CHANNEL,cid:sharks
48917452742827850000000,2024-08-12T20:20:00Z,2024-07-29T00:20:00Z,fc-updates,CHANNEL,cid:fc-updates
377206112623389000000,2024-08-12T19:40:00Z,2024-07-29T02:30:00Z,shitcasters,CHANNEL,cid:shitcasters
11079055334099791000000,2024-08-12T20:10:00Z,2024-07-29T00:20:00Z,vip,CHANNEL,cid:vip
9441053262094920000000,2024-08-12T20:20:00Z,2024-07-29T00:40:00Z,design-everydays,CHANNEL,cid:design-everydays
46115201449168000000,2024-08-12T07:20:00Z,2024-07-29T08:30:00Z,glitchedgrifters,CHANNEL,cid:glitchedgrifters
96781048340105420000000,2024-08-12T20:20:00Z,2024-07-29T00:10:00Z,dev,CHANNEL,cid:dev
5587039404094504000000,2024-08-12T20:10:00Z,2024-07-29T00:20:00Z,solana,CHANNEL,cid:solana
2195518303703170800000,2024-08-12T14:30:00Z,2024-07-29T00:20:00Z,farhouse,CHANNEL,cid:farhouse
5689558064998522000000,2024-08-12T20:20:00Z,2024-08-07T16:00:00Z,yeschef,CHANNEL,cid:yeschef
62559863370050000000,2024-08-09T11:10:00Z,2024-07-31T12:10:00Z,onchain-dinos,CHANNEL,cid:onchain-dinos
263933314594879520000000,2024-08-12T20:20:00Z,2024-07-29T00:10:00Z,superrare,CHANNEL,cid:superrare
3530205962181562000000,2024-08-12T20:20:00Z,2024-07-29T00:20:00Z,300,CHANNEL,cid:300
4800831092481956000000,2024-08-12T19:50:00Z,2024-07-29T01:20:00Z,philosophy,CHANNEL,cid:philosophy
64754820034659780000000,2024-08-12T20:20:00Z,2024-07-29T00:10:00Z,itookaphoto,CHANNEL,cid:itookaphoto
2805524523578422700000,2024-08-12T20:20:00Z,2024-07-29T01:40:00Z,nfl,CHANNEL,cid:nfl
118940678055828000000,2024-08-12T20:20:00Z,2024-07-29T02:50:00Z,tickle,CHANNEL,cid:tickle
91470107496150550000000,2024-08-12T20:20:00Z,2024-07-29T00:10:00Z,zora,CHANNEL,cid:zora
8165067315905186000000,2024-08-12T20:20:00Z,2024-07-29T00:10:00Z,drakula,CHANNEL,cid:drakula
18938069306074714000000,2024-08-12T20:20:00Z,2024-07-29T02:10:00Z,openventures,CHANNEL,cid:openventures
142439551009885920000000,2024-08-12T20:20:00Z,2024-07-29T00:10:00Z,degentokenbase,CHANNEL,cid:degentokenbase
2423059753312180500000,2024-08-12T15:40:00Z,2024-07-29T03:50:00Z,6714,USER,fid:6714
78566889957258000000000,2024-08-12T20:20:00Z,2024-07-29T00:20:00Z,281836,USER,fid:281836
286815621994036730000000,2024-08-12T20:20:00Z,2024-07-29T00:30:00Z,337018,USER,fid:337018
41979968760730400000000,2024-08-12T20:00:00Z,2024-07-29T00:10:00Z,385955,USER,fid:385955
44425286422003860000000,2024-08-12T20:20:00Z,2024-07-29T00:20:00Z,311933,USER,fid:311933
8050483961362296000000,2024-08-12T20:20:00Z,2024-07-29T02:00:00Z,284063,USER,fid:284063
60303610800920035000000,2024-08-12T19:00:00Z,2024-07-29T00:10:00Z,11528,USER,fid:11528
2387052113100521000000,2024-08-12T19:40:00Z,2024-07-29T06:50:00Z,358,USER,fid:358
33455475399997935000000,2024-08-12T20:20:00Z,2024-07-29T00:10:00Z,16148,USER,fid:16148
210283558952537150000000,2024-08-12T20:20:00Z,2024-07-29T00:10:00Z,1689,USER,fid:1689
50136415493908955000000,2024-08-12T20:10:00Z,2024-07-29T00:10:00Z,37,USER,fid:37
248418119574568400000000,2024-08-12T20:20:00Z,2024-07-29T00:10:00Z,528,USER,fid:528
21102448039005070000000,2024-08-12T19:50:00Z,2024-07-29T00:10:00Z,434908,USER,fid:434908
12736348994004650000000,2024-08-12T19:15:00Z,2024-07-29T00:16:00Z,8685,USER,fid:8685
252302442406878620000000,2024-08-12T20:20:00Z,2024-07-29T00:10:00Z,403619,USER,fid:403619
127239572111844000000,2024-08-12T19:40:00Z,2024-07-29T07:50:00Z,13983,USER,fid:13983
29521538690553783000000,2024-08-12T19:40:00Z,2024-07-29T00:20:00Z,7258,USER,fid:7258
31140980938803377000000,2024-08-12T19:50:00Z,2024-07-29T01:20:00Z,66,USER,fid:66
74531414768595240000000,2024-08-12T20:20:00Z,2024-07-29T00:50:00Z,19105,USER,fid:19105
328271634238491800000000,2024-08-12T20:20:00Z,2024-07-29T00:10:00Z,758919,USER,fid:758919
67862446064737470000000,2024-08-12T20:20:00Z,2024-07-29T00:10:00Z,278406,USER,fid:278406
14905110651348837000000,2024-08-12T20:20:00Z,2024-07-29T00:30:00Z,2282,USER,fid:2282
473418064855347100000000,2024-08-12T20:20:00Z,2024-07-29T00:10:00Z,602,USER,fid:602
26672696490913450000000,2024-08-12T18:40:00Z,2024-07-29T01:40:00Z,7960,USER,fid:7960
37056530318641600000000,2024-08-12T18:50:00Z,2024-07-29T01:40:00Z,214447,USER,fid:214447
435674183144227740000000,2024-08-12T20:20:00Z,2024-07-29T00:10:00Z,239,USER,fid:239
28992190808336880000000,2024-08-12T17:20:00Z,2024-07-29T00:50:00Z,1285,USER,fid:1285
71923788715006880000000,2024-08-12T20:20:00Z,2024-07-29T00:10:00Z,7732,USER,fid:7732
22987098061840625000000,2024-08-12T20:10:00Z,2024-07-29T04:30:00Z,1214,USER,fid:1214
38949835172593790000000,2024-08-12T19:40:00Z,2024-07-29T00:20:00Z,2211,USER,fid:2211
208198824996580180000000,2024-08-12T20:20:00Z,2024-07-29T00:20:00Z,557,USER,fid:557
169469482916568700000000,2024-08-12T20:20:00Z,2024-07-29T00:10:00Z,12,USER,fid:12
9061060417952753000000,2024-08-12T20:00:00Z,2024-07-29T00:10:00Z,406815,USER,fid:406815
9695007589346583000000,2024-08-12T20:20:00Z,2024-07-29T00:10:00Z,274,USER,fid:274
102143119131488330000000,2024-08-12T20:10:00Z,2024-07-29T00:30:00Z,880,USER,fid:880
28773153607381393000000,2024-08-12T20:20:00Z,2024-07-29T00:10:00Z,310928,USER,fid:310928
182069868160420300000000,2024-08-12T17:30:00Z,2024-07-29T00:40:00Z,510364,USER,fid:510364
1588748245448490000000,2024-08-12T20:10:00Z,2024-07-29T00:30:00Z,309710,USER,fid:309710
22326584277218760000000,2024-08-12T19:45:00Z,2024-07-29T00:10:00Z,366713,USER,fid:366713
145918315760827760000000,2024-08-12T20:20:00Z,2024-07-29T00:10:00Z,472,USER,fid:472
62176908957580640000000,2024-08-12T20:20:00Z,2024-07-29T00:20:00Z,539,USER,fid:539
113607204622144440000000,2024-08-12T20:20:00Z,2024-07-29T00:10:00Z,2904,USER,fid:2904
21926437137130107000000,2024-08-12T17:40:00Z,2024-07-29T03:00:00Z,577,USER,fid:577
103014286216822320000000,2024-08-12T20:00:00Z,2024-07-29T00:10:00Z,3115,USER,fid:3115
19099573018601840000000,2024-08-12T14:20:00Z,2024-07-29T00:50:00Z,10259,USER,fid:10259
51197980381520170000000,2024-08-12T19:50:00Z,2024-07-29T00:20:00Z,350139,USER,fid:350139
54552770645680730000000,2024-08-12T20:20:00Z,2024-07-29T00:03:00Z,11124,USER,fid:11124
34944434345371480000000,2024-08-12T20:20:00Z,2024-07-29T00:10:00Z,245124,USER,fid:245124
18859988698040078000000,2024-08-12T20:20:00Z,2024-07-29T01:10:00Z,1970,USER,fid:1970
16858784535687159000000,2024-08-12T20:10:00Z,2024-07-29T01:00:00Z,242661,USER,fid:242661
8831891709382321000000,2024-08-12T20:20:00Z,2024-07-29T00:30:00Z,337090,USER,fid:337090
14792499598990516000000,2024-08-12T20:20:00Z,2024-07-29T00:30:00Z,5431,USER,fid:5431
1745407069239628000000,2024-08-12T19:10:00Z,2024-07-29T02:10:00Z,398596,USER,fid:398596
1357763395058277500000,2024-08-12T20:20:00Z,2024-07-29T00:10:00Z,449539,USER,fid:449539
164357667796666670000000,2024-08-12T20:20:00Z,2024-07-29T00:50:00Z,321969,USER,fid:321969
3387514818036369500000,2024-08-12T19:40:00Z,2024-07-29T00:10:00Z,404871,USER,fid:404871
6638804898881503000000,2024-08-12T16:20:00Z,2024-07-29T01:20:00Z,169,USER,fid:169
8681747977524164000000,2024-08-12T19:20:00Z,2024-07-29T00:10:00Z,191503,USER,fid:191503
26463741314518990000000,2024-08-12T19:40:00Z,2024-07-29T00:50:00Z,344203,USER,fid:344203
44582807431675990000000,2024-08-12T20:20:00Z,2024-07-29T00:10:00Z,4482,USER,fid:4482
26366516860851816000000,2024-08-12T20:20:00Z,2024-07-29T00:10:00Z,7464,USER,fid:7464
1107272957772128600000,2024-08-12T08:10:00Z,2024-07-29T04:40:00Z,20,USER,fid:20
27031802572043266000000,2024-08-12T20:20:00Z,2024-07-29T00:30:00Z,8451,USER,fid:8451
68254469396432340000000,2024-08-12T17:40:00Z,2024-07-31T07:30:00Z,72,USER,fid:72
1793554655812751500000,2024-08-12T16:00:00Z,2024-07-29T12:40:00Z,293719,USER,fid:293719
16759333462167668000000,2024-08-12T20:20:00Z,2024-07-30T00:40:00Z,478906,USER,fid:478906
50559501795100730000000,2024-08-12T20:20:00Z,2024-07-29T01:00:00Z,3895,USER,fid:3895
4725191951943008000000,2024-08-12T18:10:00Z,2024-07-29T00:10:00Z,193158,USER,fid:193158
7285107355553626000000,2024-08-12T20:20:00Z,2024-07-29T00:20:00Z,18910,USER,fid:18910
330235237850221000000000,2024-08-12T20:20:00Z,2024-07-29T00:03:00Z,446697,USER,fid:446697
146787990808504020000000,2024-08-12T20:20:00Z,2024-07-29T00:10:00Z,3642,USER,fid:3642
104468438161548950000000,2024-08-12T20:20:00Z,2024-07-29T00:10:00Z,308536,USER,fid:308536
8154207510123801000000,2024-08-12T20:00:00Z,2024-07-29T04:10:00Z,762,USER,fid:762
155088249099301950000000,2024-08-12T20:20:00Z,2024-07-29T00:20:00Z,1325,USER,fid:1325
8624912716970934000000,2024-08-12T20:00:00Z,2024-07-29T00:10:00Z,210628,USER,fid:210628
193563087235748860000000,2024-08-12T20:20:00Z,2024-07-29T00:10:00Z,2745,USER,fid:2745
99878653698140320000000,2024-08-12T20:20:00Z,2024-07-29T00:10:00Z,412843,USER,fid:412843
50600254136180880000000,2024-08-12T20:20:00Z,2024-07-29T00:10:00Z,7097,USER,fid:7097
75017201718203410000000,2024-08-12T20:00:00Z,2024-07-29T00:30:00Z,4085,USER,fid:4085
63476616245164960000000,2024-08-12T19:50:00Z,2024-07-29T06:10:00Z,1048,USER,fid:1048
92639082734455200000000,2024-08-12T20:20:00Z,2024-07-29T00:10:00Z,397392,USER,fid:397392
4957882417892783000000,2024-08-12T13:30:00Z,2024-07-29T04:30:00Z,196149,USER,fid:196149
20150991175988973000000,2024-08-12T20:20:00Z,2024-07-29T00:10:00Z,10144,USER,fid:10144
5002141886532767000000,2024-08-12T20:20:00Z,2024-07-29T00:40:00Z,2163,USER,fid:2163
4124457358794858400000,2024-08-12T20:10:00Z,2024-07-29T00:10:00Z,262938,USER,fid:262938
46134088219386780000000,2024-08-12T19:10:00Z,2024-07-29T00:10:00Z,285462,USER,fid:285462
305575340269696200000000,2024-08-12T20:20:00Z,2024-07-29T00:20:00Z,2,USER,fid:2
820346968914788600000,2024-08-12T20:00:00Z,2024-07-29T00:40:00Z,281289,USER,fid:281289
189450225906274500000000,2024-08-12T20:20:00Z,2024-07-29T00:20:00Z,426,USER,fid:426
81680601549733210000000,2024-08-12T20:20:00Z,2024-07-29T00:20:00Z,1918,USER,fid:1918
98569903062282700000000,2024-08-12T20:20:00Z,2024-07-29T00:10:00Z,323251,USER,fid:323251
226964308733646000000,2024-08-12T12:01:00Z,2024-07-29T00:50:00Z,2391,USER,fid:2391
17877748267326435000000,2024-08-12T19:40:00Z,2024-07-29T00:10:00Z,2480,USER,fid:2480
2475671113203009000000,2024-08-12T20:20:00Z,2024-07-29T03:30:00Z,459385,USER,fid:459385
7404772566871274000000,2024-08-12T17:50:00Z,2024-07-29T00:30:00Z,439396,USER,fid:439396
125809849229041520000000,2024-08-12T20:00:00Z,2024-07-29T00:30:00Z,8,USER,fid:8
93717360180485800000000,2024-08-12T18:20:00Z,2024-07-29T00:10:00Z,6806,USER,fid:6806
793043266946881000000,2024-08-12T02:10:00Z,2024-07-29T01:20:00Z,1471,USER,fid:1471
21695960655279660000000,2024-08-12T20:20:00Z,2024-07-29T00:10:00Z,296687,USER,fid:296687
271787327429080700000000,2024-08-12T20:20:00Z,2024-07-29T00:20:00Z,270504,USER,fid:270504
45028235056007320000000,2024-08-12T20:20:00Z,2024-07-29T00:10:00Z,4905,USER,fid:4905
6431384419648740000000,2024-08-12T18:30:00Z,2024-07-29T00:30:00Z,4715,USER,fid:4715
11766294247458338000000,2024-08-12T19:50:00Z,2024-07-29T00:20:00Z,4461,USER,fid:4461
76998849647461990000,2024-08-12T20:10:00Z,2024-07-29T01:00:00Z,354669,USER,fid:354669
265636042553810600000000,2024-08-12T20:20:00Z,2024-07-29T00:10:00Z,534,USER,fid:534
72077291820718520000000,2024-08-12T20:10:00Z,2024-07-29T00:20:00Z,4327,USER,fid:4327
4685600250952903300000,2024-08-12T18:50:00Z,2024-07-29T12:10:00Z,4513,USER,fid:4513
3574971925158000000,2024-08-12T01:20:00Z,2024-07-29T03:30:00Z,1886,USER,fid:1886
24381922272313724000000,2024-08-12T20:10:00Z,2024-07-29T00:10:00Z,7418,USER,fid:7418
6734621721488000000,2024-08-07T12:50:00Z,2024-07-29T03:00:00Z,410943,USER,fid:410943
38775631668719230000000,2024-08-12T19:10:00Z,2024-07-29T01:40:00Z,1236,USER,fid:1236
145536661248185750000000,2024-08-12T20:20:00Z,2024-07-29T00:10:00Z,129,USER,fid:129
46614459765316180000000,2024-08-12T20:10:00Z,2024-07-29T00:10:00Z,221578,USER,fid:221578
17296269131849673000000,2024-08-12T20:00:00Z,2024-07-29T02:00:00Z,225,USER,fid:225
11902194202929298000000,2024-08-12T20:20:00Z,2024-07-29T00:10:00Z,3652,USER,fid:3652
142788890455503130000000,2024-08-12T20:20:00Z,2024-07-29T00:10:00Z,302556,USER,fid:302556
1198344273532937000000000,2024-08-12T20:20:00Z,2024-07-29T00:10:00Z,3,USER,fid:3
65322556213362155000000,2024-08-12T20:20:00Z,2024-07-29T00:10:00Z,13874,USER,fid:13874
23659549605496820000000,2024-08-12T18:00:00Z,2024-07-29T00:40:00Z,207,USER,fid:207
1421514632334975000000,2024-08-12T20:20:00Z,2024-07-29T00:20:00Z,211205,USER,fid:211205
582427704573289500000,2024-08-12T19:40:00Z,2024-07-29T01:50:00Z,328757,USER,fid:328757
14931715316825677000000,2024-08-12T19:10:00Z,2024-07-29T00:30:00Z,379089,USER,fid:379089
930117546915514000000,2024-08-12T07:20:00Z,2024-07-29T00:50:00Z,251,USER,fid:251
41023908255304120000000,2024-08-12T20:20:00Z,2024-07-29T00:10:00Z,14351,USER,fid:14351
7057713445474638000000,2024-08-12T20:20:00Z,2024-07-29T00:30:00Z,8405,USER,fid:8405
1610842817126628000000,2024-08-12T20:20:00Z,2024-07-29T00:50:00Z,315256,USER,fid:315256
5610870521075962000000,2024-08-12T15:50:00Z,2024-07-29T00:20:00Z,418456,USER,fid:418456
65093012529953180000000,2024-08-12T20:10:00Z,2024-07-29T01:00:00Z,301340,USER,fid:301340
12851333210950007000000,2024-08-12T17:40:00Z,2024-07-29T00:20:00Z,258848,USER,fid:258848
236775495208762440000000,2024-08-12T20:20:00Z,2024-07-29T00:10:00Z,436577,USER,fid:436577
6760392539028536000000,2024-08-12T19:40:00Z,2024-07-29T00:40:00Z,245579,USER,fid:245579
92697191020901700000000,2024-08-12T19:00:00Z,2024-07-29T04:00:00Z,12256,USER,fid:12256
26035691173799363000000,2024-08-12T20:20:00Z,2024-07-29T00:40:00Z,320215,USER,fid:320215
26509392513663410000000,2024-08-12T20:10:00Z,2024-07-29T00:10:00Z,309567,USER,fid:309567
663247066134422000000,2024-08-12T20:20:00Z,2024-07-29T01:10:00Z,193930,USER,fid:193930
169783437282237500000000,2024-08-12T20:20:00Z,2024-07-29T00:10:00Z,8447,USER,fid:8447
112009422230329170000000,2024-08-12T20:20:00Z,2024-07-29T00:10:00Z,269694,USER,fid:269694
171085718129079940000000,2024-08-12T20:20:00Z,2024-07-29T01:30:00Z,247143,USER,fid:247143
3503532001502269000000,2024-08-12T04:40:00Z,2024-07-29T02:16:00Z,490435,USER,fid:490435
3686774324932238600000,2024-08-12T20:20:00Z,2024-07-29T01:40:00Z,2252,USER,fid:2252
27977118108188733000000,2024-08-12T20:20:00Z,2024-07-29T00:10:00Z,268455,USER,fid:268455
53834446315648700000000,2024-08-12T20:20:00Z,2024-07-29T00:10:00Z,408746,USER,fid:408746
15237177603465690000000,2024-08-12T18:50:00Z,2024-07-29T00:20:00Z,1068,USER,fid:1068
48863356067967150000000,2024-08-12T20:20:00Z,2024-07-29T00:10:00Z,5650,USER,fid:5650
69165247187461170000000,2024-08-12T18:40:00Z,2024-07-29T02:40:00Z,541292,USER,fid:541292
148169967048452730000000,2024-08-12T20:20:00Z,2024-07-29T00:20:00Z,1606,USER,fid:1606
10853236984534660000000,2024-08-12T20:20:00Z,2024-07-29T00:10:00Z,213310,USER,fid:213310
121948386074503900000000,2024-08-12T20:20:00Z,2024-07-29T00:10:00Z,784003,USER,fid:784003
71984851097673900000000,2024-08-12T20:10:00Z,2024-07-29T00:30:00Z,281676,USER,fid:281676
313685751564900100000000,2024-08-12T20:20:00Z,2024-07-29T00:20:00Z,414955,USER,fid:414955
31198074921019510000000,2024-08-12T20:00:00Z,2024-07-29T00:10:00Z,456735,USER,fid:456735
104009460563883800000000,2024-08-12T20:20:00Z,2024-07-29T00:10:00Z,280,USER,fid:280
29310118232176667000000,2024-08-12T20:20:00Z,2024-07-29T00:10:00Z,211693,USER,fid:211693
23772853775055406000000,2024-08-12T20:00:00Z,2024-07-29T00:20:00Z,193928,USER,fid:193928
119525391052883600000000,2024-08-12T20:20:00Z,2024-07-29T00:10:00Z,308045,USER,fid:308045
14812028717267501000,2024-08-12T12:20:00Z,2024-07-29T12:50:00Z,2923,USER,fid:2923
78502172664440800000000,2024-08-12T20:00:00Z,2024-07-29T01:30:00Z,4256,USER,fid:4256
59856813178093200000000,2024-08-12T19:50:00Z,2024-07-29T00:10:00Z,516028,USER,fid:516028
109705221878606930000000,2024-08-12T20:00:00Z,2024-07-29T00:10:00Z,237884,USER,fid:237884
54477056859189535000000,2024-08-12T20:20:00Z,2024-07-29T00:10:00Z,2210,USER,fid:2210
814695274999782000000000,2024-08-12T20:20:00Z,2024-07-29T00:10:00Z,253127,USER,fid:253127
9484904552078120000000,2024-08-12T12:20:00Z,2024-07-29T03:40:00Z,16405,USER,fid:16405
53930509787032420000000,2024-08-12T20:20:00Z,2024-07-29T00:50:00Z,378,USER,fid:378
10282492457412250000000,2024-08-12T19:20:00Z,2024-07-29T01:30:00Z,8998,USER,fid:8998
20383027526079660000000,2024-08-12T20:00:00Z,2024-07-29T01:50:00Z,3112,USER,fid:3112
98020652234845610000000,2024-08-12T20:00:00Z,2024-07-29T00:20:00Z,616,USER,fid:616
234556142003346760000000,2024-08-12T20:20:00Z,2024-07-29T00:40:00Z,420540,USER,fid:420540
23709325540289235000000,2024-08-12T20:10:00Z,2024-07-29T00:10:00Z,230147,USER,fid:230147
309016941335975240000000,2024-08-12T20:10:00Z,2024-07-29T00:20:00Z,1407,USER,fid:1407
16338305738921550000000,2024-08-12T17:30:00Z,2024-07-29T00:10:00Z,469678,USER,fid:469678
40793430916927460000000,2024-08-12T20:00:00Z,2024-07-29T01:00:00Z,771,USER,fid:771
18274655201430742000000,2024-08-12T20:20:00Z,2024-07-29T00:10:00Z,327165,USER,fid:327165
81089921561873000000000,2024-08-12T20:10:00Z,2024-07-29T00:20:00Z,276562,USER,fid:276562
1365068584123447600000,2024-08-12T20:00:00Z,2024-07-29T00:40:00Z,311845,USER,fid:311845
4240867842296411300000,2024-08-12T17:00:00Z,2024-07-29T02:10:00Z,212556,USER,fid:212556
41556534714664940000000,2024-08-12T20:20:00Z,2024-07-29T00:30:00Z,5701,USER,fid:5701
27847823428341390000000,2024-08-12T20:10:00Z,2024-07-29T00:40:00Z,9856,USER,fid:9856
119251386570790350000000,2024-08-12T20:20:00Z,2024-07-29T00:20:00Z,2802,USER,fid:2802
126027143841672540000000,2024-08-12T20:20:00Z,2024-07-29T00:10:00Z,99,USER,fid:99
7685298778741179000000,2024-08-12T19:20:00Z,2024-07-29T06:00:00Z,478308,USER,fid:478308
17413160475262000000,2024-08-10T22:40:00Z,2024-07-29T00:50:00Z,599368,USER,fid:599368
29658045733565293000000,2024-08-12T20:10:00Z,2024-07-29T00:10:00Z,12048,USER,fid:12048
15207176694846636000000,2024-08-12T13:20:00Z,2024-07-29T06:40:00Z,43,USER,fid:43
20450357292676390000000,2024-08-12T19:10:00Z,2024-07-29T02:50:00Z,18,USER,fid:18
13455599743740697000000,2024-08-12T20:10:00Z,2024-07-29T00:10:00Z,9816,USER,fid:9816
5969271637108830000000,2024-08-12T20:10:00Z,2024-07-29T00:20:00Z,12921,USER,fid:12921
15302899963293617000000,2024-08-12T20:10:00Z,2024-07-29T00:10:00Z,5181,USER,fid:5181
18866224418320330000000,2024-08-12T12:30:00Z,2024-07-29T00:10:00Z,56,USER,fid:56
7725427032106699000000,2024-08-12T14:50:00Z,2024-07-29T12:40:00Z,372323,USER,fid:372323
21258151999496640000000,2024-08-12T19:50:00Z,2024-07-29T08:20:00Z,25,USER,fid:25
74032805313843090000000,2024-08-12T20:20:00Z,2024-07-29T00:10:00Z,326040,USER,fid:326040
36175603400272725000000,2024-08-12T19:50:00Z,2024-07-29T01:10:00Z,426045,USER,fid:426045
403894592961774840000000,2024-08-12T20:20:00Z,2024-07-29T00:10:00Z,6596,USER,fid:6596
21207531856508624000000,2024-08-12T20:20:00Z,2024-07-29T00:10:00Z,285998,USER,fid:285998
328238720442984700000000,2024-08-12T20:20:00Z,2024-07-29T00:30:00Z,3621,USER,fid:3621
144717032615055860000000,2024-08-12T18:50:00Z,2024-07-29T00:20:00Z,3635,USER,fid:3635
21935750383586316000000,2024-08-12T20:20:00Z,2024-07-29T01:10:00Z,4179,USER,fid:4179
35524678174097363000000,2024-08-12T19:20:00Z,2024-07-29T00:10:00Z,297319,USER,fid:297319
649992849054157000000,2024-08-12T17:30:00Z,2024-07-29T01:50:00Z,5309,USER,fid:5309
2573951472352189000000,2024-08-10T11:10:00Z,2024-07-29T00:50:00Z,406157,USER,fid:406157
13826581658120688000000,2024-08-12T19:30:00Z,2024-07-29T00:30:00Z,17940,USER,fid:17940
